name,age,email
Alex Ramirez,23,alexramirez1554@hotmail.com
Emma Sanchez,28,emmasanchez1150@outlook.com
Jamie Martin,24,jamiemartin1729@outlook.com
Ethan Thompson,21,ethanthompson2526@yahoo.com
Harper Moore,22,harpermoore422@outlook.com
Evelyn Martin,49,evelynmartin1703@hotmail.com
Sophia Miller,39,sophiamiller2160@yahoo.com
Henry Garcia,26,henrygarcia2675@yahoo.com
Benjamin Smith,24,benjaminsmith2707@yahoo.com
Noah White,35,noahwhite930@yahoo.com
Harper Moore,44,harpermoore305@outlook.com
Dylan Taylor,27,dylantaylor2323@yahoo.com
Cameron Rodriguez,25,cameronrodriguez1398@hotmail.com
Ryan Thomas,28,ryanthomas1533@outlook.com
Parker Garcia,49,parkergarcia1300@yahoo.com
Ryan Williams,42,ryanwilliams1192@yahoo.com
Casey Wilson,23,caseywilson849@hotmail.com
Benjamin Jackson,19,benjaminjackson38@hotmail.com
Mia Jones,50,miajones1298@outlook.com
Avery Lopez,56,averylopez1698@gmail.com
Henry Taylor,31,henrytaylor2378@hotmail.com
Alex Jones,23,alexjones1859@hotmail.com
Jamie Robinson,50,jamierobinson1253@outlook.com
Jamie Lee,20,jamielee613@outlook.com
Isabella Clark,31,isabellaclark2346@gmail.com
